{"cameraMode":{"drawMode":0,"name":"Shaded","section":"Shading Mode"},"sceneLighting":false,"audioPlay":false,"sceneViewState":{"showFog":true,"showMaterialUpdate":false,"showSkybox":true,"showFlares":true,"showImageEffects":true,"showParticleSystems":true},"in2DMode":false,"pivot":{"x":258.1023254394531,"y":677.0693359375,"z":1171.1036376953125},"rotation":{"x":0.032291658222675326,"y":0.9508489966392517,"z":-0.28976842761039736,"w":0.1058221235871315},"size":5.281283855438232,"orthographic":false}