{"cameraMode":{"drawMode":0,"name":"Shaded","section":"Shading Mode"},"sceneLighting":false,"audioPlay":false,"sceneViewState":{"showFog":true,"showMaterialUpdate":false,"showSkybox":true,"showFlares":true,"showImageEffects":true,"showParticleSystems":true},"in2DMode":false,"pivot":{"x":420.5138244628906,"y":50.96574783325195,"z":19.16560935974121},"rotation":{"x":-0.26273852586746218,"y":0.49343612790107729,"z":-0.15930841863155366,"w":-0.8137283325195313},"size":6.240767002105713,"orthographic":false}