{"cameraMode":{"drawMode":0,"name":"Shaded","section":"Shading Mode"},"sceneLighting":true,"audioPlay":false,"sceneViewState":{"showFog":true,"showMaterialUpdate":false,"showSkybox":true,"showFlares":true,"showImageEffects":true,"showParticleSystems":true},"in2DMode":false,"pivot":{"x":5311.60205078125,"y":-1417.718994140625,"z":786.6649780273438},"rotation":{"x":-0.11889100074768067,"y":-0.6826251149177551,"z":0.11389527469873429,"w":-0.7126887440681458},"size":5914.02490234375,"orthographic":false}