{"cameraMode":{"drawMode":0,"name":"Shaded","section":"Shading Mode"},"sceneLighting":false,"audioPlay":false,"sceneViewState":{"showFog":true,"showMaterialUpdate":false,"showSkybox":true,"showFlares":true,"showImageEffects":true,"showParticleSystems":true},"in2DMode":false,"pivot":{"x":691.3033447265625,"y":630.20068359375,"z":-864.4093627929688},"rotation":{"x":0.26273733377456667,"y":-0.483505517244339,"z":0.1548256278038025,"w":0.820501446723938},"size":2445.61767578125,"orthographic":false}