{"cameraMode":{"drawMode":0,"name":"Shaded","section":"Shading Mode"},"sceneLighting":false,"audioPlay":false,"sceneViewState":{"showFog":true,"showMaterialUpdate":false,"showSkybox":true,"showFlares":true,"showImageEffects":true,"showParticleSystems":true},"in2DMode":false,"pivot":{"x":-301.42462158203127,"y":-1088.0072021484375,"z":-535.9277954101563},"rotation":{"x":-0.12860503792762757,"y":0.8705077767372131,"z":-0.31623879075050356,"w":-0.35514482855796816},"size":2455.44287109375,"orthographic":false}